Species,Common Name,name,sequence
Human,Human_Regular,Human-1,"ATGGAGGAGCCGCAGTCAGATCCTAGCGTCGAGCCCCCTCTGAGTCAGGAAACATTTTCAGACCTATGGA
AACTACTTCCTGAAAACAACGTTCTGTCCCCCTTGCCGTCCCAAGCAATGGATGATTTGATGCTGTCCCC
GGACGATATTGAACAATGGTTCACTGAAGACCCAGGTCCAGATGAAGCTCCCAGAATGCCAGAGGCTGCT
CCCCCCGTGGCCCCTGCACCAGCAGCTCCTACACCGGCGGCCCCTGCACCAGCCCCCTCCTGGCCCCTGT
CATCTTCTGTCCCTTCCCAGAAAACCTACCAGGGCAGCTACGGTTTCCGTCTGGGCTTCTTGCATTCTGG
GACAGCCAAGTCTGTGACTTGCACGTACTCCCCTGCCCTCAACAAGATGTTTTGCCAACTGGCCAAGACC
TGCCCTGTGCAGCTGTGGGTTGATTCCACACCCCCGCCCGGCACCCGCGTCCGCGCCATGGCCATCTACA
AGCAGTCACAGCACATGACGGAGGTTGTGAGGCGCTGCCCCCACCATGAGCGCTGCTCAGATAGCGATGG
TCTGGCCCCTCCTCAGCATCTTATCCGAGTGGAAGGAAATTTGCGTGTGGAGTATTTGGATGACAGAAAC
ACTTTTCGACATAGTGTGGTGGTGCCCTATGAGCCGCCTGAGGTTGGCTCTGACTGTACCACCATCCACT
ACAACTACATGTGTAACAGTTCCTGCATGGGCGGCATGAACCGGAGGCCCATCCTCACCATCATCACACT
GGAAGACTCCAGTGGTAATCTACTGGGACGGAACAGCTTTGAGGTGCGTGTTTGTGCCTGTCCTGGGAGA
GACCGGCGCACAGAGGAAGAGAATCTCCGCAAGAAAGGGGAGCCTCACCACGAGCTGCCCCCAGGGAGCA
CTAAGCGAGCACTGCCCAACAACACCAGCTCCTCTCCCCAGCCAAAGAAGAAACCACTGGATGGAGAATA
TTTCACCCTTCAGATCCGTGGGCGTGAGCGCTTCGAGATGTTCCGAGAGCTGAATGAGGCCTTGGAACTC
AAGGATGCCCAGGCTGGGAAGGAGCCAGGGGGGAGCAGGGCTCACTCCAGCCACCTGAAGTCCAAAAAGG
GTCAGTCTACCTCCCGCCATAAAAAACTCATGTTCAAGACAGAAGGGCCTGACTCAGACTGA"
Human,Blood_Cancer_1,Blood-1,637C>T
Human,Blood_Cancer_2,Blood-2,1154del
Human,Blood_Cancer_3,Blood-3,1129A>C
Human,Blood_Cancer_4,Blood-4,859G>A
Human,Blood_Cancer_5,Blood-5,702C>A
Human,Lung_Cancer_1,Lung-1,1181G>T
Human,Lung_Cancer_2,Lung-2,1176dupA
Human,Lung_Cancer_3,Lung-3,1171G>A
Human,Lung_Cancer_4,Lung-4,1146del
Human,Lung_Cancer_5,Lung-5,1140T>C
Human,Breast_Cancer_1,Breast-1,1129A>G
Human,Breast_Cancer_2,Breast-2,1175C>T
Human,Breast_Cancer_3,Breast-3,1170dupA
Human,Breast_Cancer_4,Breast-4,1164del
Human,Breast_Cancer_5,Breast-5,1158G>C
Human,Large_Intestine_Cancer_1,Intestine-1,1146del
Human,Large_Intestine_Cancer_2,Intestine-2,681dupT
Human,Large_Intestine_Cancer_3,Intestine-3,818G>A
Human,Large_Intestine_Cancer_4,Intestine-4,36C>T
Human,Large_Intestine_Cancer_5,Intestine-5,35C>T